a,b,game,fun,round
rewind,plainsong,pass-the-note,0.23,3
static,entropy,weight-auction,0.21,7
t-minus,drum,drone-drone,0.2,12
witness,resonance,drone-drone,0.27,17
drum,plainsong,drone-drone,0.32,22
spark,die,weight-auction,0.34,27
wave,drum,drone-drone,0.37,32
plainsong,scar,pass-the-note,0.2,37
echo,moth,pass-the-note,0.21,42
knot,lattice,drone-drone,0.22,47
value,bridge,weight-auction,0.2,53
receipt,knot,pass-the-note,0.22,68
echo,die,pass-the-note,0.17,73
t-3,velvet,pass-the-note,0.21,77
tension,drum,drone-drone,0.21,82
ember,garden,weight-auction,0.29,87
wire,ember,drone-drone,0.19,92
song,surface,pass-the-note,0.37,96
song,slackwater,pass-the-note,0.36,104
garden,song,pass-the-note,0.45,110
