round,applied,scarred,die_rolls,nodes,edges,balance,scar_total
1,2,1,[],49,1,0.976,1
2,2,1,[],49,1,0.976,1
3,1,2,[],49,1,0.976,2
4,1,2,[],49,1,0.976,2
5,1,2,[],51,2,0.9758,2
6,2,3,[],51,3,0.9758,3
7,2,4,[],51,4,0.9758,4
8,2,4,[],51,4,0.9758,4
9,1,4,[],51,5,0.9758,4
10,1,4,[],51,5,0.9758,4
11,1,4,[],53,6,0.9756,4
12,2,4,[],54,9,0.9753,4
13,2,5,[],54,10,0.9753,5
14,2,5,[],54,10,0.9753,5
15,1,0,[],54,10,0.9753,5
16,1,0,[],54,11,0.9753,5
17,2,0,[],54,11,0.9753,5
18,1,1,[],54,11,0.9753,6
19,2,1,[],54,11,0.9753,7
20,1,2,[],54,11,0.9753,8
21,1,4,[],54,11,0.9753,9
22,1,3,[],55,12,0.9753,9
23,2,4,[],55,13,0.9753,10
24,2,5,[],55,14,0.9753,11
25,2,5,[],55,14,0.9753,11
26,1,6,[],55,14,0.9753,12
27,1,6,[],55,14,0.9753,12
28,0,10,[],55,14,0.9753,14
29,2,8,[],56,17,0.9736,14
30,2,9,[],56,18,0.9736,15
31,1,11,[],56,18,0.9736,16
32,1,11,[],56,18,0.9736,17
33,1,11,[],56,18,0.9736,17
34,1,11,[],57,19,0.9736,17
35,1,13,[],57,20,0.9736,18
36,2,13,[],57,21,0.9736,19
37,2,14,[],57,21,0.9736,20
38,1,14,[],57,22,0.9736,20
39,1,14,[],57,22,0.9736,20
40,0,16,[],57,22,0.9736,21
41,2,15,[],58,25,0.9719,21
42,1,17,[],58,26,0.9719,22
43,2,16,[],58,26,0.9719,22
44,1,16,[],58,27,0.9719,22
45,1,16,[],58,27,0.9719,22
46,1,16,[],60,28,0.9719,22
47,2,17,[],60,29,0.9719,23
48,2,18,[],60,30,0.9719,24
