cluster,mode,brightness,density,velocity,round
"[""joy"", ""entropy""]",lydian,0.578,0.17,0.365,4
"[""walker"", ""velvet""]",minor,0.36,0.085,0.27,10
"[""field"", ""dawn""]",lydian,0.723,0.06,0.27,17
"[""entropy"", ""tide""]",lydian,0.347,0.138,0.395,21
"[""jam"", ""walker""]",pentatonic,0.58,0.06,0.27,27
"[""dawn-chorus"", ""spark""]",lydian,0.833,0.12,0.458,33
"[""thread"", ""dawn""]",lydian,0.71,0.092,0.275,39
"[""shadow"", ""scar""]",minor,0.165,0.152,0.255,45
"[""oracle"", ""garden""]",lydian,0.645,0.128,0.19,51
"[""gate"", ""garden""]",pentatonic,0.618,0.11,0.175,61
"[""wire"", ""velvet""]",minor,0.388,0.128,0.245,67
