id,label,joy,entropy,value,origin_round,created_by,note
acknowledgment,Acknowledgment,0.5,0.5,0.5,4,cell+oracle,tminus stage of receipt
arrow,arrow,0.54,0.45,0.5,0,seed,lexicon seed row
bloom,bloom,0.54,0.48,0.5,0,seed,lexicon seed row
bouncer,bouncer,0.54,0.49,0.5,0,seed,lexicon seed row
bridge,bridge,0.56,0.46,0.5,0,seed,lexicon seed row
cadence,cadence,0.5,0.49,0.5,0,seed,lexicon seed row
cell,cell,0.54,0.45,0.5,0,seed,lexicon seed row
crease,Crease,0.5,0.5,0.5,24,cell+oracle,tminus stage of knot
dawn,dawn,0.5,0.51,0.5,0,seed,lexicon seed row
dawn-chorus,dawn-chorus,0.54,0.47000000000000003,0.5,0,seed,lexicon seed row
die,die,0.52,0.51,0.5,0,seed,lexicon seed row
drift,drift,0.56,0.49,0.5,0,seed,lexicon seed row
drum,drum,0.56,0.51,0.5,0,seed,lexicon seed row
dusk,dusk,0.56,0.48,0.5,0,seed,lexicon seed row
echo,echo,0.58,0.45,0.5,0,seed,lexicon seed row
ember,ember,0.52,0.49,0.5,0,seed,lexicon seed row
entropy,entropy,0.52,0.46,0.5,0,seed,lexicon seed row
eyewitness-account,Eyewitness account,0.7040000000000001,0.5,0.76,15,cell+oracle,decomp of witness
field,field,0.56,0.47000000000000003,0.5,0,seed,lexicon seed row
fold,Fold,0.5,0.5,0.5,24,cell+oracle,tminus stage of knot
garden,garden,0.58,0.51,0.5,0,seed,lexicon seed row
gate,gate,0.5,0.46,0.5,0,seed,lexicon seed row
jam,jam,0.56,0.45,0.5,0,seed,lexicon seed row
joy,joy,0.5,0.45,0.5,0,seed,lexicon seed row
knot,knot,0.5,0.5,0.5,0,seed,lexicon seed row
lattice,lattice,0.58,0.48,0.5,0,seed,lexicon seed row
ledger,ledger,0.52,0.45,0.5,0,seed,lexicon seed row
loop,loop,0.52,0.51,0.5,0,seed,lexicon seed row
mirror,mirror,0.56,0.46,0.5,0,seed,lexicon seed row
mitosis,Mitosis,0.732,0.5,0.83,10,cell+oracle,decomp of cell
moth,moth,0.56,0.48,0.5,0,seed,lexicon seed row
oracle,oracle,0.52,0.48,0.5,0,seed,lexicon seed row
plainsong,plainsong,0.58,0.46,0.5,0,seed,lexicon seed row
quantum-fluctuation,Quantum Fluctuation,0.5,0.5,0.5,14,cell+oracle,tminus stage of value
quilt,quilt,0.58,0.49,0.5,0,seed,lexicon seed row
random-pattern,Random Pattern,0.5,0.5,0.5,14,cell+oracle,tminus stage of value
receipt,receipt,0.5,0.48,0.5,0,seed,lexicon seed row
resonance,resonance,0.54,0.51,0.5,0,seed,lexicon seed row
rewind,rewind,0.52,0.49,0.5,0,seed,lexicon seed row
scar,scar,0.5,0.5,0.5,0,seed,lexicon seed row
shadow,shadow,0.58,0.47000000000000003,0.5,0,seed,lexicon seed row
slackwater,slackwater,0.5,0.47000000000000003,0.5,0,seed,lexicon seed row
song,song,0.54,0.5,0.5,0,seed,lexicon seed row
spark,spark,0.5,0.48,0.5,0,seed,lexicon seed row
static,static,0.56,0.51,0.5,0,seed,lexicon seed row
surface,surface,0.58,0.47000000000000003,0.5,0,seed,lexicon seed row
t-2,t-2,0.5,0.5,0.5,19,cell+oracle,tminus stage of drift
t-3,t-3,0.5,0.5,0.5,19,cell+oracle,tminus stage of drift
t-minus,t-minus,0.58,0.5,0.5,0,seed,lexicon seed row
tension,tension,0.52,0.5,0.5,0,seed,lexicon seed row
thread,thread,0.58,0.49,0.5,0,seed,lexicon seed row
tide,tide,0.5,0.45,0.5,0,seed,lexicon seed row
value,value,0.54,0.47000000000000003,0.5,0,seed,lexicon seed row
velvet,velvet,0.54,0.5,0.5,0,seed,lexicon seed row
walker,walker,0.56,0.5,0.5,0,seed,lexicon seed row
wave,wave,0.52,0.46,0.5,0,seed,lexicon seed row
wire,wire,0.52,0.47000000000000003,0.5,0,seed,lexicon seed row
witness,witness,0.54,0.46,0.5,0,seed,lexicon seed row
witness-testimony,Witness testimony,0.7120000000000001,0.5,0.78,6,cell+oracle,decomp of witness
