id,label,joy,entropy,value,origin_round,created_by,note
arrow,arrow,0.54,0.45,0.5,0,seed,lexicon seed row
bloom,bloom,0.54,0.48,0.5,0,seed,lexicon seed row
bouncer,bouncer,0.54,0.49,0.5,0,seed,lexicon seed row
bridge,bridge,0.56,0.46,0.5,0,seed,lexicon seed row
cadence,cadence,0.5,0.49,0.5,0,seed,lexicon seed row
capillary,Capillary,0.5,0.5,0.5,10,cell+oracle,tminus stage of surface
cell,cell,0.54,0.45,0.5,0,seed,lexicon seed row
chaos,chaos,0.5,0.5,0.5,25,cell+oracle,tminus stage of static
dawn,dawn,0.5,0.51,0.5,0,seed,lexicon seed row
dawn-chorus,dawn-chorus,0.54,0.47000000000000003,0.5,0,seed,lexicon seed row
die,die,0.52,0.51,0.5,0,seed,lexicon seed row
doodle,Doodle,0.5,0.5,0.5,40,cell+oracle,tminus stage of drum
drift,drift,0.56,0.49,0.5,0,seed,lexicon seed row
drum,drum,0.56,0.51,0.5,0,seed,lexicon seed row
dusk,dusk,0.56,0.48,0.5,0,seed,lexicon seed row
echo,echo,0.58,0.45,0.5,0,seed,lexicon seed row
ember,ember,0.52,0.49,0.5,0,seed,lexicon seed row
entropy,entropy,0.52,0.46,0.5,0,seed,lexicon seed row
field,field,0.56,0.47000000000000003,0.5,0,seed,lexicon seed row
field-theory,Field Theory,0.6080000000000001,0.5,0.52,1,cell+oracle,decomp of field
fractals,fractals,0.5,0.5,0.5,15,cell+oracle,tminus stage of tension
fracture,fracture,0.5,0.5,0.5,25,cell+oracle,tminus stage of static
garden,garden,0.58,0.51,0.5,0,seed,lexicon seed row
gate,gate,0.5,0.46,0.5,0,seed,lexicon seed row
gate-ledger-access-control,Gate Ledger: Access Control,0.63,0.5,0.585,25,cell+oracle,bridge gate<->ledger
harmonic-overlap,Harmonic overlap,0.66,0.5,0.565,10,cell+oracle,bridge resonance<->plainsong
init,init,0.5,0.5,0.5,5,cell+oracle,tminus stage of loop
interstitial,Interstitial,0.5,0.5,0.5,10,cell+oracle,tminus stage of surface
jam,jam,0.56,0.45,0.5,0,seed,lexicon seed row
joy,joy,0.5,0.45,0.5,0,seed,lexicon seed row
knot,knot,0.5,0.5,0.5,0,seed,lexicon seed row
lattice,lattice,0.58,0.48,0.5,0,seed,lexicon seed row
ledger,ledger,0.52,0.45,0.5,0,seed,lexicon seed row
loop,loop,0.52,0.51,0.5,0,seed,lexicon seed row
mirror,mirror,0.56,0.46,0.5,0,seed,lexicon seed row
moth,moth,0.56,0.48,0.5,0,seed,lexicon seed row
oracle,oracle,0.52,0.48,0.5,0,seed,lexicon seed row
plainsong,plainsong,0.58,0.46,0.5,0,seed,lexicon seed row
prep,prep,0.5,0.5,0.5,5,cell+oracle,tminus stage of loop
quilt,quilt,0.58,0.49,0.5,0,seed,lexicon seed row
receipt,receipt,0.5,0.48,0.5,0,seed,lexicon seed row
resonance,resonance,0.54,0.51,0.5,0,seed,lexicon seed row
rewind,rewind,0.52,0.49,0.5,0,seed,lexicon seed row
scar,scar,0.5,0.5,0.5,0,seed,lexicon seed row
shadow,shadow,0.58,0.47000000000000003,0.5,0,seed,lexicon seed row
sketch,Sketch,0.5,0.5,0.5,40,cell+oracle,tminus stage of drum
slackwater,slackwater,0.5,0.47000000000000003,0.5,0,seed,lexicon seed row
song,song,0.54,0.5,0.5,0,seed,lexicon seed row
spark,spark,0.5,0.48,0.5,0,seed,lexicon seed row
static,static,0.56,0.51,0.5,0,seed,lexicon seed row
surface,surface,0.58,0.47000000000000003,0.5,0,seed,lexicon seed row
t-0,t-0,0.5,0.5,0.5,20,cell+oracle,tminus stage of lattice
t-1,t-1,0.5,0.5,0.5,20,cell+oracle,tminus stage of lattice
t-minus,t-minus,0.58,0.5,0.5,0,seed,lexicon seed row
t-minus-1-echo,T-minus 1: Echo,0.5,0.5,0.5,30,cell+oracle,tminus stage of drift
t-minus-2-flux,T-minus 2: Flux,0.5,0.5,0.5,30,cell+oracle,tminus stage of drift
tension,tension,0.52,0.5,0.5,0,seed,lexicon seed row
thread,thread,0.58,0.49,0.5,0,seed,lexicon seed row
tide,tide,0.5,0.45,0.5,0,seed,lexicon seed row
value,value,0.54,0.47000000000000003,0.5,0,seed,lexicon seed row
velvet,velvet,0.54,0.5,0.5,0,seed,lexicon seed row
walker,walker,0.56,0.5,0.5,0,seed,lexicon seed row
wave,wave,0.52,0.46,0.5,0,seed,lexicon seed row
wire,wire,0.52,0.47000000000000003,0.5,0,seed,lexicon seed row
witness,witness,0.54,0.46,0.5,0,seed,lexicon seed row
