edge_id,src,dst,rel_type,joy,entropy,value,origin_round,created_by,question_id,note
birds-morning-songs-are-like-dawn-s-ech->dawn-chorus:bridges,birds-morning-songs-are-like-dawn-s-ech,dawn-chorus,bridges,0.6218290544,0.4,0.7025,12,oracle,BRIDGE:00315,
blank-space->bridge-to-song:tminus,blank-space,bridge-to-song,tminus,0.84054837144448,0.28,0.8600000000000001,5,oracle,TMSEQ:00442,
bouncer->loop:resonates,bouncer,loop,resonates,0.6001413793865608,0.37,0.4175000000000001,6,oracle,REL-BOND:00059,
cadence->cell:resonates,cadence,cell,resonates,0.6001413793865608,0.18,0.36500000000000005,29,oracle,REL-BOND:00167,
cadence->garden:resonates,cadence,garden,resonates,0.6767100514189215,0.14,0.4125000000000001,35,oracle,REL-BOND:00091,
cadence->rhythmic-growth:bridges,cadence,rhythmic-growth,bridges,0.66,0.4,0.5225,41,oracle,BRIDGE:00316,
cell->tension:resonates,cell,tension,resonates,0.7342472857407999,0.21,0.5325,12,oracle,REL-BOND:00117,
dawn->birds-morning-songs-are-like-dawn-s-ech:bridges,dawn,birds-morning-songs-are-like-dawn-s-ech,bridges,0.5982,0.4,0.6725,12,oracle,BRIDGE:00315,
dawn-chorus->mirror:echoes,dawn-chorus,mirror,echoes,0.53050353814208,0.7,0.36000000000000004,44,moth,MOTHDRIFT:00523,moth-drift
dotted-line->gate:tminus,dotted-line,gate,tminus,0.84054837144448,0.18000000000000005,0.8600000000000001,22,oracle,TMSEQ:00431,
drift->tension:echoes,drift,tension,echoes,0.5235727073542001,0.86,0.38000000000000006,38,moth,MOTHDRIFT:00525,moth-drift
drum->moth:echoes,drum,moth,echoes,0.37,0.16,0.1425,23,oracle,REL-BOND:00076,
drum->rhythmic-patterns:feeds,drum,rhythmic-patterns,feeds,0.82,0.18000000000000005,0.82,54,oracle,DECOMP:00271,
dusk->ledger:echoes,dusk,ledger,echoes,0.4096843776,0.2,0.18000000000000005,41,oracle,REL-BOND:00198,
ember->dawn-chorus:resonates,ember,dawn-chorus,resonates,0.6033816912000001,0.16000000000000003,0.8520000000000001,1,oracle,ECHO:00616,
ember->inferno:tminus,ember,inferno,tminus,0.75,0.25,0.8200000000000001,34,oracle,TMSEQ:00429,
entropy->mirror:resonates,entropy,mirror,resonates,0.55,0.31,0.3225,53,oracle,REL-BOND:00032,
field->ember:echoes,field,ember,echoes,0.4558027856,0.7,0.34,9,moth,MOTHDRIFT:00520,moth-drift
germination->seedling:tminus,germination,seedling,tminus,0.95,0.050000000000000044,0.8,46,oracle,TMSEQ:00415,
joy->gate:resonates,joy,gate,resonates,0.31,0.16,0.752,54,oracle,ECHO:00637,
knot->scar:resonates,knot,scar,resonates,0.644652,0.24,0.4375,47,oracle,REL-BOND:00088,
lattice->bloom:resonates,lattice,bloom,resonates,0.545,0.16999999999999998,0.749,48,oracle,ECHO:00639,
ledger->tension:resonates,ledger,tension,resonates,0.527051230605036,0.19,0.8730000000000001,13,oracle,ECHO:00625,
loop->slackwater:resonates,loop,slackwater,resonates,0.4414,0.14,0.768,36,oracle,ECHO:00641,
receipt->receipt-loops-back-to-accounting:bridges,receipt,receipt-loops-back-to-accounting,bridges,0.657,0.4,0.48,29,oracle,BRIDGE:00341,
receipt-loops-back-to-accounting->loop:bridges,receipt-loops-back-to-accounting,loop,bridges,0.6705828,0.4,0.52,29,oracle,BRIDGE:00341,
rewind->rewind-to-plainsong-roots:bridges,rewind,rewind-to-plainsong-roots,bridges,0.56,0.4,0.49250000000000005,53,oracle,BRIDGE:00343,
rewind-to-plainsong-roots->plainsong:bridges,rewind-to-plainsong-roots,plainsong,bridges,0.56,0.4,0.4525,53,oracle,BRIDGE:00343,
rhythmic-growth->bloom:bridges,rhythmic-growth,bloom,bridges,0.66,0.4,0.5225,41,oracle,BRIDGE:00316,
scar->dawn-chorus:resonates,scar,dawn-chorus,resonates,0.4747389098580055,0.19999999999999996,0.8300000000000001,24,oracle,ECHO:00650,
song->tide:resonates,song,tide,resonates,0.51,0.2,0.74,42,oracle,ECHO:00653,
t-minus-3->t-minus-2:tminus,t-minus-3,t-minus-2,tminus,0.8744453242024319,0.16000000000000003,0.9200000000000002,11,oracle,TMSEQ:00453,
t-minus-ledger-1->t-minus-ledger-2:tminus,t-minus-ledger-1,t-minus-ledger-2,tminus,0.778539404784,0.25,0.8600000000000001,52,oracle,TMSEQ:00436,
tension->loop:resonates,tension,loop,resonates,0.5887160374559999,0.15000000000000002,0.8250000000000001,7,oracle,ECHO:00643,
thread->song:echoes,thread,song,echoes,0.41,0.61,0.32,16,moth,MOTHDRIFT:00558,moth-drift
walker->drift:resonates,walker,drift,resonates,0.5572559780441727,0.21999999999999997,0.804,30,oracle,ECHO:00664,
